time,sales,trend
1,644,650
2,794,766.5063509461097
3,842,825
4,834,816.5063509461097
5,795,750
6,554,650
7,563,550
8,529,483.4936490538904
9,476,475
10,619,533.4936490538903
11,596,649.9999999999999
12,786,800
13,959,949.9999999999998
14,1141,1066.5063509461097
15,1205,1125
16,1025,1116.5063509461097
17,1131,1050
18,957,950.0000000000001
19,924,850.0000000000002
20,859,783.4936490538903
21,728,775
22,824,833.4936490538902
23,895,950
24,1160,1100
